{
  "airport": [
    {
      "airportCode": "DEL",
      "airportName": "Indira Gandhi International Airport",
      "airportCity": "DELHI"
    },
    {
      "airportCode": "BOM",
      "airportName": "Chhatrapati Shivaji Maharaj International Airport",
      "airportCity": "MUMBAI"
    },
    {
      "airportCode": "BLR",
      "airportName": "Kempegowda International Airport",
      "airportCity": "BENGALURU"
    },
    {
      "airportCode": "MAA",
      "airportName": "Chennai International Airport",
      "airportCity": "CHENNAI"
    },
    {
      "airportCode": "CCU",
      "airportName": "Netaji Subhas Chandra Bose International Airport",
      "airportCity": "KOLKATA"
    },
    {
      "airportCode": "PNQ",
      "airportName": "Pune Airport",
      "airportCity": "PUNE"
    },
    {
      "airportCode": "IXC",
      "airportName": "Chandigarh Airport",
      "airportCity": "CHANDIGARH"
    },
    {
      "airportCode": "GOI",
      "airportName": "Dabolim Airport",
      "airportCity": "GOA"
    },
    {
      "airportCode": "AMD",
      "airportName": "Sardar Vallabhbhai Patel International Airport",
      "airportCity": "AHMEDABAD"
    },
    {
      "airportCode": "STV",
      "airportName": "Surat Airport",
      "airportCity": "SURAT"
    },
    {
      "airportCode": "SLV",
      "airportName": "Shimla Airport",
      "airportCity": "SHIMLA"
    },
    {
      "airportCode": "IXJ",
      "airportName": "Jammu Airport",
      "airportCity": "JAMMU"
    },
    {
      "airportCode": "SXR",
      "airportName": "Sheikh ul-Alam International Airport",
      "airportCity": "SRINAGAR"
    }
  ]
}